{
	"credit": "Made with Blockbench",
	"ambientocclusion": false,
	"textures": {
		"particle": "#cross"
	},
	"elements": [
		{
			"from": [0.8, 0, 7.95],
			"to": [8, 16, 7.95],
			"shade": false,
			"rotation": {"angle": 45, "axis": "y", "origin": [8, 8, 7.95], "rescale": true},
			"faces": {
				"north": {"uv": [8, 0, 16, 16], "texture": "#cross"},
				"south": {"uv": [0, 0, 8, 16], "texture": "#cross"}
			}
		},
		{
			"from": [7.95, 0, 8],
			"to": [7.95, 16, 15.2],
			"shade": false,
			"rotation": {"angle": 45, "axis": "y", "origin": [7.95, 8, 8], "rescale": true},
			"faces": {
				"east": {"uv": [0, 0, 8, 16], "texture": "#cross"},
				"west": {"uv": [8, 0, 16, 16], "texture": "#cross"}
			}
		},
		{
			"from": [8, 0, 8.05],
			"to": [15.2, 16, 8.05],
			"shade": false,
			"rotation": {"angle": 45, "axis": "y", "origin": [8, 8, 8.05], "rescale": true},
			"faces": {
				"north": {"uv": [0, 0, 8, 16], "texture": "#cross"},
				"south": {"uv": [8, 0, 16, 16], "texture": "#cross"}
			}
		},
		{
			"from": [8.05, 0, 0.8],
			"to": [8.05, 16, 8],
			"shade": false,
			"rotation": {"angle": 45, "axis": "y", "origin": [8.05, 8, 8], "rescale": true},
			"faces": {
				"east": {"uv": [8, 0, 16, 16], "texture": "#cross"},
				"west": {"uv": [0, 0, 8, 16], "texture": "#cross"}
			}
		}
	]
}